{
  "metadata": {
    "version": "2.0",
    "last_updated": "2025-10-22",
    "total_universities": 193,
    "format": "Compressed structure for efficiency"
  },
  "universities": [
    {
      "name": "Acıbadem Mehmet Ali Aydınlar Üniversitesi",
      "type": "Vakıf",
      "city": "İstanbul",
      "founded": 2007
    },
    {
      "name": "Adana Alparslan Türkeş Bilim ve Teknoloji Üniversitesi",
      "type": "Devlet",
      "city": "Adana",
      "founded": 2011
    },
    {
      "name": "Adıyaman Üniversitesi",
      "type": "Devlet",
      "city": "Adıyaman",
      "founded": 2006
    },
    {
      "name": "Adnan Menderes Üniversitesi",
      "type": "Devlet",
      "city": "Aydın",
      "founded": 1992
    },
    {
      "name": "Afyonkarahisar Sağlık Bilimleri Üniversitesi",
      "type": "Devlet",
      "city": "Afyonkarahisar",
      "founded": 2018
    },
    {
      "name": "Ağrı İbrahim Çeçen Üniversitesi",
      "type": "Devlet",
      "city": "Ağrı",
      "founded": 2007
    },
    {
      "name": "Akdeniz Üniversitesi",
      "type": "Devlet",
      "city": "Antalya",
      "founded": 1982
    },
    {
      "name": "Aksaray Üniversitesi",
      "type": "Devlet",
      "city": "Aksaray",
      "founded": 2006
    },
    {
      "name": "Alanya Alaaddin Keykubat Üniversitesi",
      "type": "Devlet",
      "city": "Antalya",
      "founded": 2015
    },
    {
      "name": "Alanya Üniversitesi",
      "type": "Vakıf",
      "city": "Antalya",
      "founded": 2013
    },
    {
      "name": "Altınbaş Üniversitesi",
      "type": "Vakıf",
      "city": "İstanbul",
      "founded": 2008
    },
    {
      "name": "Amasya Üniversitesi",
      "type": "Devlet",
      "city": "Amasya",
      "founded": 2006
    },
    {
      "name": "Anadolu Üniversitesi",
      "type": "Devlet",
      "city": "Eskişehir",
      "founded": 1982
    },
    {
      "name": "Ankara Bilim Üniversitesi",
      "type": "Vakıf",
      "city": "Ankara",
      "founded": 2013
    },
    {
      "name": "Ankara Hacı Bayram Veli Üniversitesi",
      "type": "Devlet",
      "city": "Ankara",
      "founded": 2018
    },
    {
      "name": "Ankara Medipol Üniversitesi",
      "type": "Vakıf",
      "city": "Ankara",
      "founded": 2018
    },
    {
      "name": "Ankara Müzik ve Güzel Sanatlar Üniversitesi",
      "type": "Devlet",
      "city": "Ankara",
      "founded": 2017
    },
    {
      "name": "Ankara Sosyal Bilimler Üniversitesi",
      "type": "Devlet",
      "city": "Ankara",
      "founded": 2013
    },
    {
      "name": "Ankara Üniversitesi",
      "type": "Devlet",
      "city": "Ankara",
      "founded": 1946
    },
    {
      "name": "Ankara Yıldırım Beyazıt Üniversitesi",
      "type": "Devlet",
      "city": "Ankara",
      "founded": 2010
    },
    {
      "name": "Antalya Bilim Üniversitesi",
      "type": "Vakıf",
      "city": "Antalya",
      "founded": 2012
    },
    {
      "name": "Ardahan Üniversitesi",
      "type": "Devlet",
      "city": "Ardahan",
      "founded": 2008
    },
    {
      "name": "Artvin Çoruh Üniversitesi",
      "type": "Devlet",
      "city": "Artvin",
      "founded": 2007
    },
    {
      "name": "Atatürk Üniversitesi",
      "type": "Devlet",
      "city": "Erzurum",
      "founded": 1957
    },
    {
      "name": "Atılım Üniversitesi",
      "type": "Vakıf",
      "city": "Ankara",
      "founded": 1997
    },
    {
      "name": "Atlas Üniversitesi",
      "type": "Vakıf",
      "city": "İstanbul",
      "founded": 2018
    },
    {
      "name": "Avrasya Üniversitesi",
      "type": "Vakıf",
      "city": "Trabzon",
      "founded": 2013
    },
    {
      "name": "Bahçeşehir Üniversitesi",
      "type": "Vakıf",
      "city": "İstanbul",
      "founded": 1998
    },
    {
      "name": "Balıkesir Üniversitesi",
      "type": "Devlet",
      "city": "Balıkesir",
      "founded": 1992
    },
    {
      "name": "Bandırma Onyedi Eylül Üniversitesi",
      "type": "Devlet",
      "city": "Balıkesir",
      "founded": 2015
    },
    {
      "name": "Bartın Üniversitesi",
      "type": "Devlet",
      "city": "Bartın",
      "founded": 2008
    },
    {
      "name": "Başkent Üniversitesi",
      "type": "Vakıf",
      "city": "Ankara",
      "founded": 1993
    },
    {
      "name": "Batman Üniversitesi",
      "type": "Devlet",
      "city": "Batman",
      "founded": 2007
    },
    {
      "name": "Bayburt Üniversitesi",
      "type": "Devlet",
      "city": "Bayburt",
      "founded": 2008
    },
    {
      "name": "Beykent Üniversitesi",
      "type": "Vakıf",
      "city": "İstanbul",
      "founded": 1997
    },
    {
      "name": "Beykoz Üniversitesi",
      "type": "Vakıf",
      "city": "İstanbul",
      "founded": 2016
    },
    {
      "name": "Bezm-i Alem Vakıf Üniversitesi",
      "type": "Vakıf",
      "city": "İstanbul",
      "founded": 2010
    },
    {
      "name": "Bilecik Şeyh Edebali Üniversitesi",
      "type": "Devlet",
      "city": "Bilecik",
      "founded": 2007
    },
    {
      "name": "Bilkent Üniversitesi",
      "type": "Vakıf",
      "city": "Ankara",
      "founded": 1984
    },
    {
      "name": "Bingöl Üniversitesi",
      "type": "Devlet",
      "city": "Bingöl",
      "founded": 2007
    },
    {
      "name": "Biruni Üniversitesi",
      "type": "Vakıf",
      "city": "İstanbul",
      "founded": 2014
    },
    {
      "name": "Bitlis Eren Üniversitesi",
      "type": "Devlet",
      "city": "Bitlis",
      "founded": 2007
    },
    {
      "name": "Boğaziçi Üniversitesi",
      "type": "Devlet",
      "city": "İstanbul",
      "founded": 1971
    },
    {
      "name": "Bolu Abant İzzet Baysal Üniversitesi",
      "type": "Devlet",
      "city": "Bolu",
      "founded": 1992
    },
    {
      "name": "Burdur Mehmet Akif Ersoy Üniversitesi",
      "type": "Devlet",
      "city": "Burdur",
      "founded": 2006
    },
    {
      "name": "Bursa Teknik Üniversitesi",
      "type": "Devlet",
      "city": "Bursa",
      "founded": 2010
    },
    {
      "name": "Bursa Uludağ Üniversitesi",
      "type": "Devlet",
      "city": "Bursa",
      "founded": 1975
    },
    {
      "name": "Çağ Üniversitesi",
      "type": "Vakıf",
      "city": "Mersin",
      "founded": 1997
    },
    {
      "name": "Çanakkale Onsekiz Mart Üniversitesi",
      "type": "Devlet",
      "city": "Çanakkale",
      "founded": 1992
    },
    {
      "name": "Çankaya Üniversitesi",
      "type": "Vakıf",
      "city": "Ankara",
      "founded": 1997
    },
    {
      "name": "Çankırı Karatekin Üniversitesi",
      "type": "Devlet",
      "city": "Çankırı",
      "founded": 2007
    },
    {
      "name": "Çukurova Üniversitesi",
      "type": "Devlet",
      "city": "Adana",
      "founded": 1973
    },
    {
      "name": "Demiroğlu Bilim Üniversitesi",
      "type": "Vakıf",
      "city": "İstanbul",
      "founded": 2014
    },
    {
      "name": "Dicle Üniversitesi",
      "type": "Devlet",
      "city": "Diyarbakır",
      "founded": 1966
    },
    {
      "name": "Doğuş Üniversitesi",
      "type": "Vakıf",
      "city": "İstanbul",
      "founded": 1997
    },
    {
      "name": "Dokuz Eylül Üniversitesi",
      "type": "Devlet",
      "city": "İzmir",
      "founded": 1982
    },
    {
      "name": "Düzce Üniversitesi",
      "type": "Devlet",
      "city": "Düzce",
      "founded": 2006
    },
    {
      "name": "Ege Üniversitesi",
      "type": "Devlet",
      "city": "İzmir",
      "founded": 1955
    },
    {
      "name": "Erciyes Üniversitesi",
      "type": "Devlet",
      "city": "Kayseri",
      "founded": 1978
    },
    {
      "name": "Erzincan Binali Yıldırım Üniversitesi",
      "type": "Devlet",
      "city": "Erzincan",
      "founded": 2006
    },
    {
      "name": "Erzurum Teknik Üniversitesi",
      "type": "Devlet",
      "city": "Erzurum",
      "founded": 2010
    },
    {
      "name": "Eskişehir Osmangazi Üniversitesi",
      "type": "Devlet",
      "city": "Eskişehir",
      "founded": 1993
    },
    {
      "name": "Eskişehir Teknik Üniversitesi",
      "type": "Devlet",
      "city": "Eskişehir",
      "founded": 2018
    },
    {
      "name": "Fenerbahçe Üniversitesi",
      "type": "Vakıf",
      "city": "İstanbul",
      "founded": 2016
    },
    {
      "name": "Fırat Üniversitesi",
      "type": "Devlet",
      "city": "Elazığ",
      "founded": 1975
    },
    {
      "name": "Galatasaray Üniversitesi",
      "type": "Devlet",
      "city": "İstanbul",
      "founded": 1992
    },
    {
      "name": "Gazi Üniversitesi",
      "type": "Devlet",
      "city": "Ankara",
      "founded": 1982
    },
    {
      "name": "Gaziantep İslam Bilim ve Teknoloji Üniversitesi",
      "type": "Devlet",
      "city": "Gaziantep",
      "founded": 2015
    },
    {
      "name": "Gaziantep Üniversitesi",
      "type": "Devlet",
      "city": "Gaziantep",
      "founded": 1987
    },
    {
      "name": "Gebze Teknik Üniversitesi",
      "type": "Devlet",
      "city": "Kocaeli",
      "founded": 1992
    },
    {
      "name": "Giresun Üniversitesi",
      "type": "Devlet",
      "city": "Giresun",
      "founded": 2006
    },
    {
      "name": "Gümüşhane Üniversitesi",
      "type": "Devlet",
      "city": "Gümüşhane",
      "founded": 2008
    },
    {
      "name": "Hakkari Üniversitesi",
      "type": "Devlet",
      "city": "Hakkari",
      "founded": 2008
    },
    {
      "name": "Hacettepe Üniversitesi",
      "type": "Devlet",
      "city": "Ankara",
      "founded": 1967
    },
    {
      "name": "Haliç Üniversitesi",
      "type": "Vakıf",
      "city": "İstanbul",
      "founded": 1998
    },
    {
      "name": "Harran Üniversitesi",
      "type": "Devlet",
      "city": "Şanlıurfa",
      "founded": 1992
    },
    {
      "name": "Hasan Kalyoncu Üniversitesi",
      "type": "Vakıf",
      "city": "Gaziantep",
      "founded": 2008
    },
    {
      "name": "Hatay Mustafa Kemal Üniversitesi",
      "type": "Devlet",
      "city": "Hatay",
      "founded": 1992
    },
    {
      "name": "Hitit Üniversitesi",
      "type": "Devlet",
      "city": "Çorum",
      "founded": 2006
    },
    {
      "name": "İbn Haldun Üniversitesi",
      "type": "Vakıf",
      "city": "İstanbul",
      "founded": 2015
    },
    {
      "name": "İğdır Üniversitesi",
      "type": "Devlet",
      "city": "Iğdır",
      "founded": 2008
    },
    {
      "name": "İnönü Üniversitesi",
      "type": "Devlet",
      "city": "Malatya",
      "founded": 1975
    },
    {
      "name": "İpek Üniversitesi",
      "type": "Vakıf",
      "city": "Ankara",
      "founded": 2016
    },
    {
      "name": "İskenderun Teknik Üniversitesi",
      "type": "Devlet",
      "city": "Hatay",
      "founded": 2015
    },
    {
      "name": "İstanbul 29 Mayıs Üniversitesi",
      "type": "Vakıf",
      "city": "İstanbul",
      "founded": 2010
    },
    {
      "name": "İstanbul Arel Üniversitesi",
      "type": "Vakıf",
      "city": "İstanbul",
      "founded": 2007
    },
    {
      "name": "İstanbul Atlas Üniversitesi",
      "type": "Vakıf",
      "city": "İstanbul",
      "founded": 2018
    },
    {
      "name": "İstanbul Aydın Üniversitesi",
      "type": "Vakıf",
      "city": "İstanbul",
      "founded": 2007
    },
    {
      "name": "İstanbul Bilgi Üniversitesi",
      "type": "Vakıf",
      "city": "İstanbul",
      "founded": 1996
    },
    {
      "name": "İstanbul Esenyurt Üniversitesi",
      "type": "Vakıf",
      "city": "İstanbul",
      "founded": 2013
    },
    {
      "name": "İstanbul Galata Üniversitesi",
      "type": "Vakıf",
      "city": "İstanbul",
      "founded": 2020
    },
    {
      "name": "İstanbul Gedik Üniversitesi",
      "type": "Vakıf",
      "city": "İstanbul",
      "founded": 2010
    },
    {
      "name": "İstanbul Gelişim Üniversitesi",
      "type": "Vakıf",
      "city": "İstanbul",
      "founded": 2011
    },
    {
      "name": "İstanbul Kültür Üniversitesi",
      "type": "Vakıf",
      "city": "İstanbul",
      "founded": 1997
    },
    {
      "name": "İstanbul Medeniyet Üniversitesi",
      "type": "Devlet",
      "city": "İstanbul",
      "founded": 2010
    },
    {
      "name": "İstanbul Medipol Üniversitesi",
      "type": "Vakıf",
      "city": "İstanbul",
      "founded": 2009
    },
    {
      "name": "İstanbul Okan Üniversitesi",
      "type": "Vakıf",
      "city": "İstanbul",
      "founded": 1999
    },
    {
      "name": "İstanbul Rumeli Üniversitesi",
      "type": "Vakıf",
      "city": "İstanbul",
      "founded": 2016
    },
    {
      "name": "İstanbul Sabahattin Zaim Üniversitesi",
      "type": "Vakıf",
      "city": "İstanbul",
      "founded": 2010
    },
    {
      "name": "İstanbul Sağlık ve Teknoloji Üniversitesi",
      "type": "Vakıf",
      "city": "İstanbul",
      "founded": 2016
    },
    {
      "name": "İstanbul Teknik Üniversitesi",
      "type": "Devlet",
      "city": "İstanbul",
      "founded": 1944
    },
    {
      "name": "İstanbul Ticaret Üniversitesi",
      "type": "Vakıf",
      "city": "İstanbul",
      "founded": 2001
    },
    {
      "name": "İstanbul Topkapı Üniversitesi",
      "type": "Vakıf",
      "city": "İstanbul",
      "founded": 2016
    },
    {
      "name": "İstanbul Üniversitesi",
      "type": "Devlet",
      "city": "İstanbul",
      "founded": 1453
    },
    {
      "name": "İstanbul Üniversitesi-Cerrahpaşa",
      "type": "Devlet",
      "city": "İstanbul",
      "founded": 2018
    },
    {
      "name": "İstanbul Yeni Yüzyıl Üniversitesi",
      "type": "Vakıf",
      "city": "İstanbul",
      "founded": 2009
    },
    {
      "name": "İstinye Üniversitesi",
      "type": "Vakıf",
      "city": "İstanbul",
      "founded": 2015
    },
    {
      "name": "İzmir Bakırçay Üniversitesi",
      "type": "Devlet",
      "city": "İzmir",
      "founded": 2016
    },
    {
      "name": "İzmir Demokrasi Üniversitesi",
      "type": "Devlet",
      "city": "İzmir",
      "founded": 2016
    },
    {
      "name": "İzmir Ekonomi Üniversitesi",
      "type": "Vakıf",
      "city": "İzmir",
      "founded": 2001
    },
    {
      "name": "İzmir Kâtip Çelebi Üniversitesi",
      "type": "Devlet",
      "city": "İzmir",
      "founded": 2010
    },
    {
      "name": "İzmir Tınaztepe Üniversitesi",
      "type": "Vakıf",
      "city": "İzmir",
      "founded": 2016
    },
    {
      "name": "İzmir Yüksek Teknoloji Enstitüsü",
      "type": "Devlet",
      "city": "İzmir",
      "founded": 1992
    },
    {
      "name": "Jandarma ve Sahil Güvenlik Akademisi",
      "type": "Devlet",
      "city": "Ankara",
      "founded": 1986
    },
    {
      "name": "Kafkas Üniversitesi",
      "type": "Devlet",
      "city": "Kars",
      "founded": 1992
    },
    {
      "name": "Kahramanmaraş İstiklal Üniversitesi",
      "type": "Devlet",
      "city": "Kahramanmaraş",
      "founded": 2023
    },
    {
      "name": "Kahramanmaraş Sütçü İmam Üniversitesi",
      "type": "Devlet",
      "city": "Kahramanmaraş",
      "founded": 1992
    },
    {
      "name": "Kapadokya Üniversitesi",
      "type": "Vakıf",
      "city": "Nevşehir",
      "founded": 2013
    },
    {
      "name": "Karabük Üniversitesi",
      "type": "Devlet",
      "city": "Karabük",
      "founded": 2007
    },
    {
      "name": "Karadeniz Teknik Üniversitesi",
      "type": "Devlet",
      "city": "Trabzon",
      "founded": 1955
    },
    {
      "name": "Karamanoğlu Mehmetbey Üniversitesi",
      "type": "Devlet",
      "city": "Karaman",
      "founded": 2007
    },
    {
      "name": "Kastamonu Üniversitesi",
      "type": "Devlet",
      "city": "Kastamonu",
      "founded": 2006
    },
    {
      "name": "Kayseri Üniversitesi",
      "type": "Devlet",
      "city": "Kayseri",
      "founded": 2018
    },
    {
      "name": "Kırıkkale Üniversitesi",
      "type": "Devlet",
      "city": "Kırıkkale",
      "founded": 1992
    },
    {
      "name": "Kırklareli Üniversitesi",
      "type": "Devlet",
      "city": "Kırklareli",
      "founded": 2007
    },
    {
      "name": "Kırşehir Ahi Evran Üniversitesi",
      "type": "Devlet",
      "city": "Kırşehir",
      "founded": 2006
    },
    {
      "name": "Kilis 7 Aralık Üniversitesi",
      "type": "Devlet",
      "city": "Kilis",
      "founded": 2007
    },
    {
      "name": "Kocaeli Sağlık ve Teknoloji Üniversitesi",
      "type": "Vakıf",
      "city": "Kocaeli",
      "founded": 2015
    },
    {
      "name": "Kocaeli Üniversitesi",
      "type": "Devlet",
      "city": "Kocaeli",
      "founded": 1992
    },
    {
      "name": "Koç Üniversitesi",
      "type": "Vakıf",
      "city": "İstanbul",
      "founded": 1993
    },
    {
      "name": "Konya Gıda ve Tarım Üniversitesi",
      "type": "Devlet",
      "city": "Konya",
      "founded": 2016
    },
    {
      "name": "Konya Teknik Üniversitesi",
      "type": "Devlet",
      "city": "Konya",
      "founded": 2010
    },
    {
      "name": "KTO Karatay Üniversitesi",
      "type": "Vakıf",
      "city": "Konya",
      "founded": 2009
    },
    {
      "name": "Kütahya Dumlupınar Üniversitesi",
      "type": "Devlet",
      "city": "Kütahya",
      "founded": 1992
    },
    {
      "name": "Kütahya Sağlık Bilimleri Üniversitesi",
      "type": "Devlet",
      "city": "Kütahya",
      "founded": 2018
    },
    {
      "name": "Lokman Hekim Üniversitesi",
      "type": "Vakıf",
      "city": "Ankara",
      "founded": 2018
    },
    {
      "name": "Maltepe Üniversitesi",
      "type": "Vakıf",
      "city": "İstanbul",
      "founded": 1997
    },
    {
      "name": "Manisa Celâl Bayar Üniversitesi",
      "type": "Devlet",
      "city": "Manisa",
      "founded": 1992
    },
    {
      "name": "Mardin Artuklu Üniversitesi",
      "type": "Devlet",
      "city": "Mardin",
      "founded": 2007
    },
    {
      "name": "Marmara Üniversitesi",
      "type": "Devlet",
      "city": "İstanbul",
      "founded": 1982
    },
    {
      "name": "MEF Üniversitesi",
      "type": "Vakıf",
      "city": "İstanbul",
      "founded": 2014
    },
    {
      "name": "Mersin Üniversitesi",
      "type": "Devlet",
      "city": "Mersin",
      "founded": 1992
    },
    {
      "name": "Milli Savunma Üniversitesi",
      "type": "Devlet",
      "city": "Ankara",
      "founded": 2016
    },
    {
      "name": "Millî İstihbarat Akademisi",
      "type": "Devlet",
      "city": "Ankara",
      "founded": 2019
    },
    {
      "name": "Muğla Sıtkı Koçman Üniversitesi",
      "type": "Devlet",
      "city": "Muğla",
      "founded": 1992
    },
    {
      "name": "Muş Alparslan Üniversitesi",
      "type": "Devlet",
      "city": "Muş",
      "founded": 2007
    },
    {
      "name": "Necmettin Erbakan Üniversitesi",
      "type": "Devlet",
      "city": "Konya",
      "founded": 2010
    },
    {
      "name": "Nevşehir Hacı Bektaş Veli Üniversitesi",
      "type": "Devlet",
      "city": "Nevşehir",
      "founded": 2007
    },
    {
      "name": "Niğde Ömer Halisdemir Üniversitesi",
      "type": "Devlet",
      "city": "Niğde",
      "founded": 1992
    },
    {
      "name": "Nişantaşı Üniversitesi",
      "type": "Vakıf",
      "city": "İstanbul",
      "founded": 2009
    },
    {
      "name": "Nuh Naci Yazgan Üniversitesi",
      "type": "Vakıf",
      "city": "Kayseri",
      "founded": 2009
    },
    {
      "name": "Ondokuz Mayıs Üniversitesi",
      "type": "Devlet",
      "city": "Samsun",
      "founded": 1975
    },
    {
      "name": "Ordu Üniversitesi",
      "type": "Devlet",
      "city": "Ordu",
      "founded": 2006
    },
    {
      "name": "Orta Doğu Teknik Üniversitesi",
      "type": "Devlet",
      "city": "Ankara",
      "founded": 1956
    },
    {
      "name": "Osmaniye Korkut Ata Üniversitesi",
      "type": "Devlet",
      "city": "Osmaniye",
      "founded": 2007
    },
    {
      "name": "Ostim Teknik Üniversitesi",
      "type": "Vakıf",
      "city": "Ankara",
      "founded": 2017
    },
    {
      "name": "Özyeğin Üniversitesi",
      "type": "Vakıf",
      "city": "İstanbul",
      "founded": 2007
    },
    {
      "name": "Pamukkale Üniversitesi",
      "type": "Devlet",
      "city": "Denizli",
      "founded": 1992
    },
    {
      "name": "Piri Reis Üniversitesi",
      "type": "Vakıf",
      "city": "İstanbul",
      "founded": 2008
    },
    {
      "name": "Polis Akademisi",
      "type": "Devlet",
      "city": "Ankara",
      "founded": 1937
    },
    {
      "name": "Recep Tayyip Erdoğan Üniversitesi",
      "type": "Devlet",
      "city": "Rize",
      "founded": 2006
    },
    {
      "name": "Sabancı Üniversitesi",
      "type": "Vakıf",
      "city": "İstanbul",
      "founded": 1996
    },
    {
      "name": "Sağlık Bilimleri Üniversitesi",
      "type": "Devlet",
      "city": "İstanbul",
      "founded": 2015
    },
    {
      "name": "Sakarya Uygulamalı Bilimler Üniversitesi",
      "type": "Devlet",
      "city": "Sakarya",
      "founded": 2018
    },
    {
      "name": "Sakarya Üniversitesi",
      "type": "Devlet",
      "city": "Sakarya",
      "founded": 1992
    },
    {
      "name": "Samsun Üniversitesi",
      "type": "Devlet",
      "city": "Samsun",
      "founded": 2018
    },
    {
      "name": "Sanko Üniversitesi",
      "type": "Vakıf",
      "city": "Gaziantep",
      "founded": 2013
    },
    {
      "name": "Selçuk Üniversitesi",
      "type": "Devlet",
      "city": "Konya",
      "founded": 1975
    },
    {
      "name": "Siirt Üniversitesi",
      "type": "Devlet",
      "city": "Siirt",
      "founded": 2007
    },
    {
      "name": "Sinop Üniversitesi",
      "type": "Devlet",
      "city": "Sinop",
      "founded": 2007
    },
    {
      "name": "Sivas Bilim ve Teknoloji Üniversitesi",
      "type": "Devlet",
      "city": "Sivas",
      "founded": 2018
    },
    {
      "name": "Sivas Cumhuriyet Üniversitesi",
      "type": "Devlet",
      "city": "Sivas",
      "founded": 1974
    },
    {
      "name": "Süleyman Demirel Üniversitesi",
      "type": "Devlet",
      "city": "Isparta",
      "founded": 1992
    },
    {
      "name": "Şırnak Üniversitesi",
      "type": "Devlet",
      "city": "Şırnak",
      "founded": 2008
    },
    {
      "name": "TED Üniversitesi",
      "type": "Vakıf",
      "city": "Ankara",
      "founded": 2012
    },
    {
      "name": "TOBB Ekonomi ve Teknoloji Üniversitesi",
      "type": "Vakıf",
      "city": "Ankara",
      "founded": 2003
    },
    {
      "name": "Tokat Gaziosmanpaşa Üniversitesi",
      "type": "Devlet",
      "city": "Tokat",
      "founded": 1992
    },
    {
      "name": "Toros Üniversitesi",
      "type": "Vakıf",
      "city": "Mersin",
      "founded": 2009
    },
    {
      "name": "Trabzon Üniversitesi",
      "type": "Devlet",
      "city": "Trabzon",
      "founded": 2018
    },
    {
      "name": "Trakya Üniversitesi",
      "type": "Devlet",
      "city": "Edirne",
      "founded": 1982
    },
    {
      "name": "Turkish-German Üniversitesi",
      "type": "Devlet",
      "city": "İstanbul",
      "founded": 2013
    },
    {
      "name": "Türk Hava Kurumu Üniversitesi",
      "type": "Vakıf",
      "city": "Ankara",
      "founded": 2011
    },
    {
      "name": "Ufuk Üniversitesi",
      "type": "Vakıf",
      "city": "Ankara",
      "founded": 1999
    },
    {
      "name": "Uşak Üniversitesi",
      "type": "Devlet",
      "city": "Uşak",
      "founded": 2006
    },
    {
      "name": "Üsküdar Üniversitesi",
      "type": "Vakıf",
      "city": "İstanbul",
      "founded": 2011
    },
    {
      "name": "Van Yüzüncü Yıl Üniversitesi",
      "type": "Devlet",
      "city": "Van",
      "founded": 1982
    },
    {
      "name": "Yalova Üniversitesi",
      "type": "Devlet",
      "city": "Yalova",
      "founded": 2008
    },
    {
      "name": "Yaşar Üniversitesi",
      "type": "Vakıf",
      "city": "İzmir",
      "founded": 2001
    },
    {
      "name": "Yeditepe Üniversitesi",
      "type": "Vakıf",
      "city": "İstanbul",
      "founded": 1996
    },
    {
      "name": "Yıldız Teknik Üniversitesi",
      "type": "Devlet",
      "city": "İstanbul",
      "founded": 1982
    },
    {
      "name": "Yozgat Bozok Üniversitesi",
      "type": "Devlet",
      "city": "Yozgat",
      "founded": 2006
    },
    {
      "name": "Yüksek İhtisas Üniversitesi",
      "type": "Vakıf",
      "city": "Ankara",
      "founded": 2016
    },
    {
      "name": "Zonguldak Bülent Ecevit Üniversitesi",
      "type": "Devlet",
      "city": "Zonguldak",
      "founded": 1992
    }
  ],
  "common_faculties": {
    "Mühendislik": [
      "Bilgisayar Mühendisliği",
      "Elektrik-Elektronik Mühendisliği",
      "Makine Mühendisliği",
      "İnşaat Mühendisliği",
      "Endüstri Mühendisliği"
    ],
    "Fen-Edebiyat": [
      "Matematik",
      "Fizik",
      "Kimya",
      "Biyoloji",
      "Türk Dili ve Edebiyatı",
      "Tarih",
      "Coğrafya",
      "Felsefe",
      "Sosyoloji",
      "Psikoloji"
    ],
    "İktisadi ve İdari Bilimler": [
      "İşletme",
      "İktisat",
      "Maliye",
      "Uluslararası İlişkiler",
      "Kamu Yönetimi",
      "Siyaset Bilimi"
    ],
    "Eğitim": [
      "İlköğretim Matematik Öğretmenliği",
      "Türkçe Öğretmenliği",
      "İngilizce Öğretmenliği",
      "PDR",
      "Okul Öncesi Öğretmenliği"
    ],
    "Tıp": [
      "Tıp"
    ],
    "Hukuk": [
      "Hukuk"
    ],
    "İlahiyat": [
      "İlahiyat"
    ],
    "Ziraat": [
      "Ziraat Mühendisliği",
      "Gıda Mühendisliği",
      "Peyzaj Mimarlığı"
    ]
  },
  "common_courses": {
    "Bilgisayar Mühendisliği": [
      "Programlamaya Giriş",
      "Veri Yapıları",
      "Algoritmalar",
      "Veritabanı Sistemleri",
      "İşletim Sistemleri",
      "Bilgisayar Ağları",
      "Yazılım Mühendisliği",
      "Web Programlama",
      "Yapay Zeka",
      "Makine Öğrenmesi",
      "Siber Güvenlik",
      "Mobil Programlama"
    ],
    "İşletme": [
      "İşletme Yönetimine Giriş",
      "Muhasebe I-II",
      "Pazarlama Yönetimi",
      "İnsan Kaynakları Yönetimi",
      "Finansal Yönetim",
      "Üretim Yönetimi",
      "Stratejik Yönetim",
      "Örgütsel Davranış"
    ],
    "Matematik": [
      "Analiz I-IV",
      "Lineer Cebir I-II",
      "Diferansiyel Denklemler",
      "Soyut Matematik",
      "Topoloji",
      "Kompleks Analiz"
    ],
    "Hukuk": [
      "Anayasa Hukuku",
      "Medeni Hukuk",
      "Ceza Hukuku",
      "İdare Hukuku",
      "Ticaret Hukuku",
      "Borçlar Hukuku",
      "İş Hukuku"
    ],
    "Tıp": [
      "Anatomi",
      "Fizyoloji",
      "Biyokimya",
      "Histoloji",
      "Patoloji",
      "Farmakoloji",
      "İç Hastalıkları",
      "Cerrahi",
      "Pediatri",
      "Kadın Hastalıkları ve Doğum"
    ]
  },
  "note": "Detaylı fakülte/bölüm/ders bilgileri her üniversitenin kendi web sitesinden veya YÖK Atlas'tan çekilmelidir."
}